<?xml version="1.0" encoding="UTF-8"?>
<project-private xmlns="http://www.netbeans.org/ns/project-private/1">
    <editor-bookmarks xmlns="http://www.netbeans.org/ns/editor-bookmarks/1"/>
    <editor-bookmarks xmlns="http://www.netbeans.org/ns/editor-bookmarks/2" lastBookmarkId="0"/>
    <open-files xmlns="http://www.netbeans.org/ns/projectui-open-files/2">
        <group>
            <file>file:/C:/Users/lordg/Documents/NetBeansProjects/khadamni-mobile/src/com/company/services/UtilisateurService.java</file>
            <file>file:/C:/Users/lordg/Documents/NetBeansProjects/khadamni-mobile/src/com/company/gui/SignInForm.java</file>
            <file>file:/C:/Users/lordg/Documents/NetBeansProjects/khadamni-mobile/src/com/company/gui/SessionManager.java</file>
            <file>file:/C:/Users/lordg/Documents/NetBeansProjects/khadamni-mobile/src/com/company/gui/ProfileForm.java</file>
        </group>
    </open-files>
</project-private>
